ticket_id,y_true,proba_breach,y_pred,modelo
TCK-001481,1,0.7051,1,svm
TCK-001287,1,0.8355,1,svm
TCK-003959,0,0.3106,0,svm
TCK-001258,1,0.9261,1,svm
TCK-003961,0,0.208,0,svm
TCK-003752,0,0.5012,0,svm
TCK-006422,0,0.4553,0,svm
TCK-004219,0,0.1554,0,svm
TCK-001033,0,0.2267,0,svm
TCK-001471,1,0.7456,1,svm
TCK-001175,0,0.5058,0,svm
TCK-003166,0,0.5434,0,svm
TCK-004850,0,0.4414,0,svm
TCK-006512,0,0.2484,0,svm
TCK-004188,0,0.4646,0,svm
TCK-004773,0,0.1677,0,svm
TCK-000278,0,0.3299,0,svm
TCK-003142,0,0.4629,0,svm
TCK-003985,1,0.6891,1,svm
TCK-002949,0,0.1887,0,svm
TCK-004486,0,0.5575,0,svm
TCK-004046,1,0.5737,0,svm
TCK-000965,0,0.5612,0,svm
TCK-005715,1,0.8698,1,svm
TCK-002782,1,0.5748,0,svm
TCK-005753,0,0.4688,0,svm
TCK-001138,0,0.3476,0,svm
TCK-007178,1,0.5764,0,svm
TCK-007671,0,0.2021,0,svm
TCK-006572,0,0.4844,0,svm
TCK-003419,1,0.8255,1,svm
TCK-001930,0,0.4066,0,svm
TCK-004065,0,0.4332,0,svm
TCK-006028,1,0.4995,0,svm
TCK-003375,1,0.7872,1,svm
TCK-005652,0,0.4944,0,svm
TCK-004150,0,0.4183,0,svm
TCK-001695,0,0.3338,0,svm
TCK-000929,0,0.5413,0,svm
TCK-005313,0,0.3157,0,svm
TCK-004721,0,0.4923,0,svm
TCK-003347,0,0.4938,0,svm
TCK-001128,0,0.7951,1,svm
TCK-006708,0,0.2457,0,svm
TCK-003569,0,0.4935,0,svm
TCK-004593,1,0.8143,1,svm
TCK-005898,0,0.4746,0,svm
TCK-000039,0,0.4614,0,svm
TCK-005463,0,0.1846,0,svm
TCK-000832,0,0.4088,0,svm
TCK-007891,0,0.4814,0,svm
TCK-003813,0,0.4272,0,svm
TCK-006918,0,0.2384,0,svm
TCK-003015,0,0.3301,0,svm
TCK-005232,0,0.4431,0,svm
TCK-002730,0,0.5295,0,svm
TCK-006164,0,0.3732,0,svm
TCK-005382,0,0.0399,0,svm
TCK-007894,1,0.7427,1,svm
TCK-007083,1,0.7916,1,svm
TCK-001757,0,0.7694,1,svm
TCK-002680,0,0.5666,0,svm
TCK-000677,1,0.5663,0,svm
TCK-007851,0,0.3803,0,svm
TCK-007229,1,0.5309,0,svm
TCK-005147,0,0.2727,0,svm
TCK-004936,1,0.7165,1,svm
TCK-005490,0,0.3848,0,svm
TCK-003879,0,0.4451,0,svm
TCK-001264,1,0.8369,1,svm
TCK-002342,0,0.4476,0,svm
TCK-006200,0,0.169,0,svm
TCK-005762,1,0.9357,1,svm
TCK-002469,1,0.739,1,svm
TCK-005983,0,0.1503,0,svm
TCK-006427,0,0.6208,0,svm
TCK-000469,0,0.4589,0,svm
TCK-002090,0,0.4367,0,svm
TCK-001270,0,0.6414,0,svm
TCK-006012,0,0.5479,0,svm
TCK-002087,1,0.833,1,svm
TCK-001196,0,0.4433,0,svm
TCK-002388,0,0.1601,0,svm
TCK-007320,0,0.3415,0,svm
TCK-000922,0,0.5299,0,svm
TCK-001628,0,0.2835,0,svm
TCK-001893,1,0.5223,0,svm
TCK-006901,0,0.3363,0,svm
TCK-005378,0,0.3993,0,svm
TCK-000942,0,0.1907,0,svm
TCK-007237,0,0.0572,0,svm
TCK-000816,1,0.8707,1,svm
TCK-006759,1,0.8379,1,svm
TCK-004465,0,0.1606,0,svm
TCK-001977,0,0.245,0,svm
TCK-007302,0,0.4697,0,svm
TCK-002197,0,0.8471,1,svm
TCK-006972,0,0.2496,0,svm
TCK-002457,1,0.4975,0,svm
TCK-004812,0,0.1953,0,svm
TCK-003761,0,0.4602,0,svm
TCK-005797,0,0.2589,0,svm
TCK-006934,0,0.4494,0,svm
TCK-000865,0,0.6655,0,svm
TCK-006025,1,0.7465,1,svm
TCK-003525,0,0.3786,0,svm
TCK-006752,0,0.4657,0,svm
TCK-000624,0,0.4629,0,svm
TCK-003574,0,0.1303,0,svm
TCK-002940,0,0.4828,0,svm
TCK-002485,0,0.5583,0,svm
TCK-007949,0,0.262,0,svm
TCK-005325,0,0.7688,1,svm
TCK-006419,0,0.386,0,svm
TCK-000997,0,0.0851,0,svm
TCK-005902,0,0.1634,0,svm
TCK-006570,0,0.3118,0,svm
TCK-003613,0,0.2084,0,svm
TCK-007617,0,0.1161,0,svm
TCK-005308,0,0.216,0,svm
TCK-000004,0,0.3889,0,svm
TCK-001764,0,0.3169,0,svm
TCK-001966,0,0.2039,0,svm
TCK-000976,1,0.5374,0,svm
TCK-003944,0,0.2879,0,svm
TCK-007922,0,0.3461,0,svm
TCK-006104,0,0.4019,0,svm
TCK-007341,0,0.4166,0,svm
TCK-007695,0,0.2718,0,svm
TCK-002490,0,0.501,0,svm
TCK-004313,0,0.449,0,svm
TCK-006887,0,0.3291,0,svm
TCK-002270,0,0.3166,0,svm
TCK-007423,0,0.2525,0,svm
TCK-005207,0,0.5024,0,svm
TCK-005626,0,0.1571,0,svm
TCK-006003,0,0.4429,0,svm
TCK-002364,0,0.2565,0,svm
TCK-000991,0,0.4802,0,svm
TCK-001101,0,0.3684,0,svm
TCK-006954,0,0.1203,0,svm
TCK-004020,0,0.185,0,svm
TCK-002283,1,0.5103,0,svm
TCK-005124,0,0.2046,0,svm
TCK-001680,0,0.2454,0,svm
TCK-003857,1,0.5774,0,svm
TCK-000265,0,0.2108,0,svm
TCK-004859,0,0.5915,0,svm
TCK-006074,0,0.5226,0,svm
TCK-002386,0,0.159,0,svm
TCK-002740,0,0.6368,0,svm
TCK-006269,0,0.3138,0,svm
TCK-001271,0,0.4314,0,svm
TCK-000931,0,0.4906,0,svm
TCK-003004,0,0.4633,0,svm
TCK-007856,1,0.8205,1,svm
TCK-005224,0,0.0755,0,svm
TCK-004466,0,0.4404,0,svm
TCK-000809,0,0.3498,0,svm
TCK-005804,0,0.4767,0,svm
TCK-005472,1,0.7312,1,svm
TCK-007204,0,0.4234,0,svm
TCK-006703,1,0.8329,1,svm
TCK-006559,1,0.8039,1,svm
TCK-002110,1,0.7019,1,svm
TCK-004454,1,0.8067,1,svm
TCK-004640,0,0.598,0,svm
TCK-000072,0,0.4688,0,svm
TCK-004061,0,0.4622,0,svm
TCK-002677,1,0.8261,1,svm
TCK-000725,0,0.4904,0,svm
TCK-006544,0,0.5111,0,svm
TCK-002833,0,0.5112,0,svm
TCK-000849,0,0.4619,0,svm
TCK-006257,0,0.5188,0,svm
TCK-006862,0,0.5766,0,svm
TCK-005625,0,0.3811,0,svm
TCK-004340,1,0.4717,0,svm
TCK-005722,0,0.4094,0,svm
TCK-006251,0,0.5378,0,svm
TCK-006060,0,0.4941,0,svm
TCK-002671,0,0.3798,0,svm
TCK-003408,1,0.7516,1,svm
TCK-000605,0,0.436,0,svm
TCK-007098,0,0.0684,0,svm
TCK-000863,0,0.3211,0,svm
TCK-001362,0,0.4985,0,svm
TCK-007009,0,0.4531,0,svm
TCK-002554,0,0.2421,0,svm
TCK-006571,0,0.5812,0,svm
TCK-004484,0,0.0769,0,svm
TCK-001576,0,0.1189,0,svm
TCK-001063,0,0.5082,0,svm
TCK-002629,1,0.765,1,svm
TCK-001228,0,0.8824,1,svm
TCK-004740,0,0.4304,0,svm
TCK-004409,0,0.3369,0,svm
TCK-003530,0,0.6589,0,svm
TCK-004959,1,0.6649,0,svm
TCK-005423,0,0.5103,0,svm
TCK-003673,0,0.4495,0,svm
TCK-002093,0,0.0632,0,svm
TCK-006500,0,0.1022,0,svm
TCK-002634,0,0.1616,0,svm
TCK-004697,0,0.4066,0,svm
TCK-005275,1,0.678,1,svm
TCK-000954,0,0.6065,0,svm
TCK-004989,0,0.2219,0,svm
TCK-000465,0,0.4115,0,svm
TCK-004514,0,0.203,0,svm
TCK-006039,0,0.5129,0,svm
TCK-005482,0,0.323,0,svm
TCK-001891,0,0.7008,1,svm
TCK-005904,0,0.2171,0,svm
TCK-007594,1,0.8542,1,svm
TCK-004250,1,0.5992,0,svm
TCK-004543,1,0.5816,0,svm
TCK-001122,1,0.799,1,svm
TCK-000390,0,0.3066,0,svm
TCK-001040,0,0.4969,0,svm
TCK-000268,1,0.5426,0,svm
TCK-002329,0,0.3207,0,svm
TCK-001716,0,0.4808,0,svm
TCK-004817,0,0.2972,0,svm
TCK-007838,0,0.4334,0,svm
TCK-007157,0,0.5747,0,svm
TCK-005942,1,0.92,1,svm
TCK-002209,0,0.0821,0,svm
TCK-006268,0,0.2671,0,svm
TCK-005035,1,0.9345,1,svm
TCK-000244,0,0.5229,0,svm
TCK-001459,1,0.8068,1,svm
TCK-002840,0,0.4525,0,svm
TCK-002796,1,0.7116,1,svm
TCK-003086,1,0.6301,0,svm
TCK-006589,0,0.5227,0,svm
TCK-007755,0,0.3034,0,svm
TCK-006485,0,0.319,0,svm
TCK-002350,0,0.3221,0,svm
TCK-006352,0,0.4127,0,svm
TCK-000664,0,0.4366,0,svm
TCK-004201,0,0.4828,0,svm
TCK-007188,0,0.3989,0,svm
TCK-006034,1,0.8564,1,svm
TCK-003146,1,0.8318,1,svm
TCK-005473,0,0.4757,0,svm
TCK-002272,0,0.4086,0,svm
TCK-006725,0,0.2794,0,svm
TCK-004144,0,0.2769,0,svm
TCK-000010,0,0.4941,0,svm
TCK-001483,0,0.2287,0,svm
TCK-006908,1,0.8285,1,svm
TCK-006758,0,0.5141,0,svm
TCK-003003,0,0.0634,0,svm
TCK-001575,0,0.16,0,svm
TCK-005429,0,0.4312,0,svm
TCK-006081,0,0.5024,0,svm
TCK-006121,0,0.4732,0,svm
TCK-000881,1,0.5219,0,svm
TCK-002487,1,0.8796,1,svm
TCK-003920,0,0.3389,0,svm
TCK-000869,1,0.4988,0,svm
TCK-005530,0,0.435,0,svm
TCK-001749,1,0.7313,1,svm
TCK-001390,0,0.4463,0,svm
TCK-007807,0,0.4498,0,svm
TCK-000261,0,0.2104,0,svm
TCK-003179,0,0.2335,0,svm
TCK-002920,0,0.3965,0,svm
TCK-002753,0,0.5187,0,svm
TCK-006496,0,0.4913,0,svm
TCK-002314,1,0.678,1,svm
TCK-002915,1,0.5034,0,svm
TCK-007908,0,0.257,0,svm
TCK-002107,0,0.3991,0,svm
TCK-004445,0,0.3907,0,svm
TCK-007121,0,0.561,0,svm
TCK-003270,0,0.2438,0,svm
TCK-000887,0,0.1697,0,svm
TCK-007733,0,0.5202,0,svm
TCK-006741,0,0.4672,0,svm
TCK-002144,1,0.903,1,svm
TCK-002068,0,0.092,0,svm
TCK-005982,0,0.4517,0,svm
TCK-006658,1,0.8462,1,svm
TCK-003597,0,0.2551,0,svm
TCK-001888,0,0.4665,0,svm
TCK-006350,0,0.3975,0,svm
TCK-005866,0,0.196,0,svm
TCK-001073,0,0.2143,0,svm
TCK-002536,0,0.3423,0,svm
TCK-001473,0,0.1294,0,svm
TCK-000934,0,0.4666,0,svm
TCK-005870,0,0.1556,0,svm
TCK-003892,0,0.2022,0,svm
TCK-007160,0,0.0356,0,svm
TCK-003642,0,0.3031,0,svm
TCK-007232,1,0.5079,0,svm
TCK-003277,0,0.2553,0,svm
TCK-003737,0,0.1326,0,svm
TCK-000500,0,0.4812,0,svm
TCK-005158,1,0.8778,1,svm
TCK-004342,0,0.3723,0,svm
TCK-000856,0,0.4543,0,svm
TCK-006155,1,0.752,1,svm
TCK-003769,1,0.7775,1,svm
TCK-007210,0,0.2415,0,svm
TCK-004138,0,0.1765,0,svm
TCK-002829,1,0.7437,1,svm
TCK-001065,0,0.2727,0,svm
TCK-004777,0,0.185,0,svm
TCK-003655,0,0.4824,0,svm
TCK-000006,0,0.4736,0,svm
TCK-006854,1,0.8299,1,svm
TCK-003963,1,0.8069,1,svm
TCK-003734,1,0.4475,0,svm
TCK-006833,1,0.511,0,svm
TCK-002435,1,0.6819,1,svm
TCK-005502,0,0.4682,0,svm
TCK-003839,0,0.4684,0,svm
TCK-004305,0,0.4962,0,svm
TCK-003902,0,0.4177,0,svm
TCK-004451,0,0.6699,1,svm
TCK-006965,0,0.2135,0,svm
TCK-006835,1,0.7062,1,svm
TCK-006882,1,0.8947,1,svm
TCK-006261,0,0.219,0,svm
TCK-006284,1,0.8221,1,svm
TCK-001308,0,0.369,0,svm
TCK-005876,0,0.5275,0,svm
TCK-001182,0,0.2572,0,svm
TCK-000206,1,0.8989,1,svm
TCK-003346,1,0.8255,1,svm
TCK-007264,0,0.3355,0,svm
TCK-000541,0,0.3064,0,svm
TCK-003668,0,0.3133,0,svm
TCK-007672,0,0.4834,0,svm
TCK-007095,1,0.8825,1,svm
TCK-003453,0,0.2374,0,svm
TCK-001941,0,0.3956,0,svm
TCK-007763,1,0.8382,1,svm
TCK-006290,0,0.3167,0,svm
TCK-007961,0,0.4978,0,svm
TCK-007412,0,0.2689,0,svm
TCK-000608,0,0.5548,0,svm
TCK-006671,0,0.3241,0,svm
TCK-004522,0,0.1564,0,svm
TCK-000921,0,0.4026,0,svm
TCK-003323,0,0.6197,0,svm
TCK-003497,0,0.5303,0,svm
TCK-005113,0,0.3976,0,svm
TCK-005008,1,0.5796,0,svm
TCK-007216,1,0.8416,1,svm
TCK-003820,0,0.5312,0,svm
TCK-003539,0,0.508,0,svm
TCK-001988,0,0.4648,0,svm
TCK-005536,0,0.2263,0,svm
TCK-004935,1,0.6969,1,svm
TCK-002162,1,0.934,1,svm
TCK-000721,0,0.4491,0,svm
TCK-000897,0,0.1576,0,svm
TCK-007064,0,0.4473,0,svm
TCK-002060,0,0.4083,0,svm
TCK-007301,1,0.7643,1,svm
TCK-004119,0,0.3877,0,svm
TCK-001975,0,0.3931,0,svm
TCK-006852,0,0.5195,0,svm
TCK-005302,0,0.4671,0,svm
TCK-005385,1,0.8929,1,svm
TCK-007728,0,0.2345,0,svm
TCK-007764,0,0.5253,0,svm
TCK-003082,0,0.3516,0,svm
TCK-007406,0,0.4961,0,svm
TCK-002214,0,0.6298,0,svm
TCK-001121,0,0.1525,0,svm
TCK-001236,0,0.2809,0,svm
TCK-003980,1,0.9358,1,svm
TCK-004461,1,0.9766,1,svm
TCK-001672,0,0.3174,0,svm
TCK-001219,0,0.5558,0,svm
TCK-003213,0,0.2867,0,svm
TCK-004858,0,0.3191,0,svm
TCK-004574,0,0.5316,0,svm
TCK-001233,0,0.2957,0,svm
TCK-007217,1,0.8003,1,svm
TCK-002770,0,0.2567,0,svm
TCK-002017,0,0.5052,0,svm
TCK-000020,0,0.1342,0,svm
TCK-000749,0,0.2743,0,svm
TCK-003123,0,0.5506,0,svm
TCK-000654,0,0.1632,0,svm
TCK-006745,0,0.2395,0,svm
TCK-001031,0,0.3685,0,svm
TCK-007420,1,0.8418,1,svm
TCK-004012,0,0.525,0,svm
TCK-002613,0,0.4472,0,svm
TCK-001563,1,0.8611,1,svm
TCK-006463,0,0.4285,0,svm
TCK-002610,0,0.5185,0,svm
TCK-000183,0,0.4582,0,svm
TCK-002608,0,0.1479,0,svm
TCK-004458,0,0.3574,0,svm
TCK-007780,0,0.5069,0,svm
TCK-006675,0,0.4563,0,svm
TCK-000936,0,0.3871,0,svm
TCK-004810,0,0.2344,0,svm
TCK-002221,0,0.3127,0,svm
TCK-007205,0,0.4347,0,svm
TCK-002955,1,0.9815,1,svm
TCK-005228,0,0.2629,0,svm
TCK-007629,0,0.5094,0,svm
TCK-004884,0,0.6795,1,svm
TCK-006015,0,0.5,0,svm
TCK-002544,1,0.7031,1,svm
TCK-004691,0,0.329,0,svm
TCK-006712,1,0.836,1,svm
TCK-005219,0,0.4679,0,svm
TCK-003238,0,0.4205,0,svm
TCK-002757,1,0.7581,1,svm
TCK-003780,0,0.2409,0,svm
TCK-004426,0,0.201,0,svm
TCK-002712,0,0.2487,0,svm
TCK-001643,0,0.567,0,svm
TCK-004062,1,0.8011,1,svm
TCK-005460,0,0.0584,0,svm
TCK-001952,1,0.8133,1,svm
TCK-007185,1,0.8309,1,svm
TCK-005014,0,0.325,0,svm
TCK-003568,0,0.5204,0,svm
TCK-007017,0,0.5372,0,svm
TCK-007485,0,0.2261,0,svm
TCK-004022,0,0.7991,1,svm
TCK-002922,0,0.3459,0,svm
TCK-003799,0,0.3511,0,svm
TCK-004181,0,0.1392,0,svm
TCK-005769,1,0.8791,1,svm
TCK-004253,0,0.6642,0,svm
TCK-001969,0,0.559,0,svm
TCK-005697,0,0.2927,0,svm
TCK-006527,0,0.4334,0,svm
TCK-003511,0,0.5584,0,svm
TCK-005965,0,0.1727,0,svm
TCK-006220,0,0.2093,0,svm
TCK-005051,0,0.3081,0,svm
TCK-007745,1,0.7567,1,svm
TCK-006567,0,0.0614,0,svm
TCK-007514,0,0.5133,0,svm
TCK-007917,1,0.8036,1,svm
TCK-000516,1,0.5366,0,svm
TCK-004220,0,0.52,0,svm
TCK-007849,0,0.4772,0,svm
TCK-000163,0,0.2094,0,svm
TCK-002571,0,0.4508,0,svm
TCK-000506,1,0.8463,1,svm
TCK-007996,1,0.8305,1,svm
TCK-006049,1,0.6239,0,svm
TCK-006731,1,0.6811,1,svm
TCK-006335,0,0.3939,0,svm
TCK-005705,0,0.3427,0,svm
TCK-004877,0,0.25,0,svm
TCK-004349,1,0.9278,1,svm
TCK-004583,0,0.1219,0,svm
TCK-003993,1,0.5303,0,svm
TCK-001368,0,0.4888,0,svm
TCK-002066,1,0.9781,1,svm
TCK-004303,0,0.4454,0,svm
TCK-006334,0,0.2152,0,svm
TCK-006621,0,0.2833,0,svm
TCK-004288,0,0.4343,0,svm
TCK-002911,0,0.4123,0,svm
TCK-007880,0,0.4157,0,svm
TCK-003032,0,0.4538,0,svm
TCK-005377,0,0.239,0,svm
TCK-006740,0,0.4759,0,svm
TCK-002801,0,0.4828,0,svm
TCK-000014,1,0.6246,0,svm
TCK-007375,0,0.4991,0,svm
TCK-004910,0,0.4546,0,svm
TCK-003995,0,0.1314,0,svm
TCK-007559,0,0.5895,0,svm
TCK-006815,0,0.2924,0,svm
TCK-006530,0,0.4874,0,svm
TCK-006408,0,0.4986,0,svm
TCK-000678,0,0.2295,0,svm
TCK-007926,0,0.4304,0,svm
TCK-006358,1,0.7739,1,svm
TCK-006513,1,0.5376,0,svm
TCK-004736,0,0.3853,0,svm
TCK-005905,0,0.3016,0,svm
TCK-007221,0,0.2828,0,svm
TCK-003392,0,0.1609,0,svm
TCK-007231,0,0.4625,0,svm
TCK-005544,1,0.5398,0,svm
TCK-005037,0,0.1821,0,svm
TCK-006305,0,0.195,0,svm
TCK-004912,1,0.7456,1,svm
TCK-001366,0,0.0965,0,svm
TCK-006746,0,0.5425,0,svm
TCK-007218,0,0.509,0,svm
TCK-003473,0,0.5341,0,svm
TCK-003201,0,0.4746,0,svm
TCK-007551,0,0.5046,0,svm
TCK-004442,0,0.3462,0,svm
TCK-003090,0,0.4469,0,svm
TCK-005181,1,0.4905,0,svm
TCK-002354,0,0.2484,0,svm
TCK-007927,0,0.5204,0,svm
TCK-000160,0,0.46,0,svm
TCK-006024,0,0.21,0,svm
TCK-002818,0,0.3238,0,svm
TCK-002483,0,0.4912,0,svm
TCK-005498,0,0.3077,0,svm
TCK-002788,0,0.1947,0,svm
TCK-000241,0,0.4662,0,svm
TCK-002698,1,0.6372,0,svm
TCK-004677,1,0.8119,1,svm
TCK-004309,0,0.5168,0,svm
TCK-004746,0,0.3766,0,svm
TCK-007257,0,0.1759,0,svm
TCK-002710,0,0.2138,0,svm
TCK-007972,0,0.6137,0,svm
TCK-001438,0,0.2112,0,svm
TCK-006553,0,0.5169,0,svm
TCK-003610,1,0.9019,1,svm
TCK-004330,0,0.2222,0,svm
TCK-005690,0,0.1255,0,svm
TCK-001727,1,0.7696,1,svm
TCK-003081,1,0.895,1,svm
TCK-007899,0,0.4346,0,svm
TCK-007743,1,0.6713,1,svm
TCK-002045,0,0.2217,0,svm
TCK-003600,0,0.6353,0,svm
TCK-001932,0,0.4011,0,svm
TCK-007544,1,0.8552,1,svm
TCK-000559,0,0.4021,0,svm
TCK-004960,0,0.2006,0,svm
TCK-003133,0,0.7364,1,svm
TCK-006134,0,0.5373,0,svm
TCK-003884,1,0.8235,1,svm
TCK-006166,1,0.7674,1,svm
TCK-005309,1,0.9162,1,svm
TCK-004265,1,0.7703,1,svm
TCK-003457,0,0.4864,0,svm
TCK-006193,0,0.4111,0,svm
TCK-006434,1,0.5852,0,svm
TCK-001246,0,0.2421,0,svm
TCK-007570,0,0.3046,0,svm
TCK-004166,0,0.2764,0,svm
TCK-006842,0,0.4547,0,svm
TCK-001608,1,0.7023,1,svm
TCK-005827,0,0.5033,0,svm
TCK-003398,0,0.5146,0,svm
TCK-001649,0,0.2268,0,svm
TCK-006203,0,0.6405,0,svm
TCK-003956,0,0.3141,0,svm
TCK-003863,0,0.1999,0,svm
TCK-004690,0,0.5671,0,svm
TCK-007000,0,0.4374,0,svm
TCK-001622,0,0.357,0,svm
TCK-000575,1,0.7443,1,svm
TCK-002806,0,0.4723,0,svm
TCK-007268,0,0.3807,0,svm
TCK-005576,0,0.4736,0,svm
TCK-003057,0,0.4419,0,svm
TCK-005327,0,0.0922,0,svm
TCK-004324,0,0.4674,0,svm
TCK-001477,0,0.2593,0,svm
TCK-002569,0,0.553,0,svm
TCK-003832,0,0.5791,0,svm
TCK-001686,1,0.6044,0,svm
TCK-001900,0,0.5575,0,svm
TCK-004447,0,0.1942,0,svm
TCK-005052,0,0.4539,0,svm
TCK-004142,0,0.3081,0,svm
TCK-003187,0,0.1462,0,svm
TCK-000178,1,0.8068,1,svm
TCK-002817,1,0.6092,0,svm
TCK-002464,0,0.4978,0,svm
TCK-005343,0,0.2788,0,svm
TCK-001096,0,0.7966,1,svm
TCK-001492,1,0.9401,1,svm
TCK-005989,0,0.5005,0,svm
TCK-002751,0,0.118,0,svm
TCK-000652,0,0.25,0,svm
TCK-001666,0,0.5425,0,svm
TCK-003378,0,0.4425,0,svm
TCK-002198,1,0.8062,1,svm
TCK-004639,0,0.7008,1,svm
TCK-005349,0,0.4338,0,svm
TCK-003750,0,0.5102,0,svm
TCK-000436,0,0.4603,0,svm
TCK-002560,0,0.6061,0,svm
TCK-005495,1,0.5648,0,svm
TCK-003796,0,0.7311,1,svm
TCK-001002,0,0.2717,0,svm
TCK-003172,0,0.4887,0,svm
TCK-006361,0,0.496,0,svm
TCK-003301,0,0.4433,0,svm
TCK-001912,0,0.2921,0,svm
TCK-002519,0,0.4264,0,svm
TCK-004081,0,0.4697,0,svm
TCK-004124,1,0.6658,0,svm
TCK-006310,0,0.3412,0,svm
TCK-004528,0,0.3581,0,svm
TCK-006981,0,0.4862,0,svm
TCK-000227,1,0.5525,0,svm
TCK-004041,0,0.4599,0,svm
TCK-003381,0,0.4456,0,svm
TCK-001283,0,0.5056,0,svm
TCK-003150,1,0.5378,0,svm
TCK-002663,1,0.8611,1,svm
TCK-001053,0,0.4653,0,svm
TCK-002925,0,0.4828,0,svm
TCK-004857,0,0.1625,0,svm
TCK-000979,0,0.1889,0,svm
TCK-000340,0,0.4834,0,svm
TCK-003518,0,0.434,0,svm
TCK-005548,0,0.3901,0,svm
TCK-007108,1,0.7053,1,svm
TCK-001066,0,0.2599,0,svm
TCK-004604,1,0.8026,1,svm
TCK-002791,1,0.5897,0,svm
TCK-007164,0,0.406,0,svm
TCK-003804,0,0.4411,0,svm
TCK-002229,1,0.7842,1,svm
TCK-002675,0,0.2735,0,svm
TCK-001759,0,0.2636,0,svm
TCK-000969,0,0.4798,0,svm
TCK-002998,0,0.5475,0,svm
TCK-007519,1,0.8084,1,svm
TCK-001280,0,0.474,0,svm
TCK-000992,0,0.5589,0,svm
TCK-000739,0,0.184,0,svm
TCK-007307,0,0.5539,0,svm
TCK-006873,0,0.5825,0,svm
TCK-001212,0,0.394,0,svm
TCK-006851,1,0.5145,0,svm
TCK-004109,1,0.7357,1,svm
TCK-001068,0,0.5282,0,svm
TCK-007893,0,0.2837,0,svm
TCK-006084,0,0.609,0,svm
TCK-000084,0,0.2144,0,svm
TCK-003548,0,0.5048,0,svm
TCK-003383,0,0.2962,0,svm
TCK-003563,0,0.4661,0,svm
TCK-005358,0,0.12,0,svm
TCK-002169,0,0.4385,0,svm
TCK-002174,0,0.1422,0,svm
TCK-001530,1,0.5578,0,svm
TCK-004370,1,0.6838,1,svm
TCK-002120,1,0.7392,1,svm
TCK-000973,1,0.8562,1,svm
TCK-006798,1,0.8895,1,svm
TCK-004122,0,0.4507,0,svm
TCK-004962,0,0.2577,0,svm
TCK-006525,0,0.2034,0,svm
TCK-004535,0,0.4673,0,svm
TCK-000413,0,0.5316,0,svm
TCK-002975,1,0.7687,1,svm
TCK-001326,0,0.4222,0,svm
TCK-006540,0,0.4605,0,svm
TCK-002841,0,0.2413,0,svm
TCK-003577,0,0.4489,0,svm
TCK-007827,0,0.5065,0,svm
TCK-004612,0,0.4449,0,svm
TCK-004833,0,0.4955,0,svm
TCK-001255,0,0.5427,0,svm
TCK-001892,1,0.8001,1,svm
TCK-001526,0,0.4302,0,svm
TCK-006262,0,0.4349,0,svm
TCK-004754,0,0.4917,0,svm
TCK-002451,1,0.9475,1,svm
TCK-006783,0,0.3148,0,svm
TCK-004016,0,0.3966,0,svm
TCK-000661,0,0.195,0,svm
TCK-001321,1,0.497,0,svm
TCK-002211,1,0.9317,1,svm
TCK-001067,0,0.8004,1,svm
TCK-001207,0,0.2446,0,svm
TCK-000857,0,0.2684,0,svm
TCK-001986,0,0.2392,0,svm
TCK-005277,0,0.6501,0,svm
TCK-002443,0,0.1729,0,svm
TCK-007281,1,0.737,1,svm
TCK-002372,0,0.5572,0,svm
TCK-004622,0,0.4546,0,svm
TCK-004665,1,0.7862,1,svm
TCK-006925,0,0.5026,0,svm
TCK-003986,0,0.5016,0,svm
TCK-007359,1,0.6548,0,svm
TCK-002604,0,0.4776,0,svm
TCK-001158,0,0.4873,0,svm
TCK-005417,0,0.2292,0,svm
TCK-004940,0,0.3365,0,svm
TCK-004268,0,0.3247,0,svm
TCK-004984,1,0.7277,1,svm
TCK-004249,0,0.2044,0,svm
TCK-001275,0,0.1853,0,svm
TCK-001468,0,0.1874,0,svm
TCK-000853,0,0.0334,0,svm
TCK-000315,0,0.2167,0,svm
TCK-007309,1,0.7278,1,svm
TCK-000424,0,0.3226,0,svm
TCK-004682,0,0.4687,0,svm
TCK-005087,0,0.3244,0,svm
TCK-003774,1,0.7757,1,svm
TCK-004246,0,0.4318,0,svm
TCK-005453,0,0.3583,0,svm
TCK-002548,0,0.7857,1,svm
TCK-004627,0,0.4989,0,svm
TCK-002125,0,0.3127,0,svm
TCK-003933,0,0.511,0,svm
TCK-006009,0,0.4477,0,svm
TCK-002449,0,0.729,1,svm
TCK-004624,1,0.5708,0,svm
TCK-006869,1,0.8412,1,svm
TCK-006191,0,0.3175,0,svm
TCK-003687,0,0.5107,0,svm
TCK-006614,0,0.3301,0,svm
TCK-005955,0,0.2828,0,svm
TCK-003768,1,0.7873,1,svm
TCK-000071,0,0.1762,0,svm
TCK-005253,0,0.4844,0,svm
TCK-007989,0,0.4845,0,svm
TCK-001013,0,0.463,0,svm
TCK-006382,0,0.5086,0,svm
TCK-001454,0,0.4744,0,svm
TCK-005474,0,0.3773,0,svm
TCK-003521,0,0.2061,0,svm
TCK-002467,0,0.4932,0,svm
TCK-003314,1,0.557,0,svm
TCK-007709,0,0.5026,0,svm
TCK-004698,0,0.2064,0,svm
TCK-001693,0,0.4746,0,svm
TCK-006221,0,0.2567,0,svm
TCK-001132,0,0.2039,0,svm
TCK-003979,0,0.2845,0,svm
TCK-006535,0,0.2304,0,svm
TCK-002896,0,0.3633,0,svm
TCK-006641,0,0.4815,0,svm
TCK-001181,0,0.2989,0,svm
TCK-003432,1,0.8555,1,svm
TCK-000222,0,0.3684,0,svm
TCK-005375,1,0.8119,1,svm
TCK-005590,0,0.6331,0,svm
TCK-006083,0,0.4849,0,svm
TCK-001317,0,0.3901,0,svm
TCK-006605,0,0.2513,0,svm
TCK-003308,0,0.2299,0,svm
TCK-003749,0,0.2249,0,svm
TCK-003284,0,0.4461,0,svm
TCK-003505,0,0.7433,1,svm
TCK-001961,0,0.5693,0,svm
TCK-005799,0,0.206,0,svm
TCK-007669,0,0.4629,0,svm
TCK-001206,1,0.6518,0,svm
TCK-002359,1,0.6794,1,svm
TCK-000586,0,0.3001,0,svm
TCK-007048,0,0.5028,0,svm
TCK-004285,0,0.4138,0,svm
TCK-006475,0,0.5893,0,svm
TCK-007557,0,0.5165,0,svm
TCK-002620,0,0.5799,0,svm
TCK-001098,0,0.6186,0,svm
TCK-005708,0,0.5805,0,svm
TCK-004755,0,0.4303,0,svm
TCK-007621,0,0.2826,0,svm
TCK-001633,0,0.6313,0,svm
TCK-001513,1,0.4868,0,svm
TCK-000698,1,0.5619,0,svm
TCK-000693,0,0.2154,0,svm
TCK-000260,0,0.2411,0,svm
TCK-005919,0,0.523,0,svm
TCK-000109,0,0.215,0,svm
TCK-004864,1,0.8182,1,svm
TCK-006416,0,0.5299,0,svm
TCK-002856,0,0.526,0,svm
TCK-004955,0,0.6081,0,svm
TCK-006184,1,0.8045,1,svm
TCK-002641,0,0.8182,1,svm
TCK-005665,0,0.4778,0,svm
TCK-007800,0,0.2963,0,svm
TCK-006637,0,0.4609,0,svm
TCK-006598,0,0.4775,0,svm
TCK-007494,1,0.8783,1,svm
TCK-006175,0,0.482,0,svm
TCK-002767,1,0.8185,1,svm
TCK-001508,0,0.5187,0,svm
TCK-007874,1,0.7023,1,svm
TCK-006363,0,0.2082,0,svm
TCK-005323,0,0.5286,0,svm
TCK-000195,0,0.3474,0,svm
TCK-001865,0,0.3684,0,svm
TCK-007806,0,0.2951,0,svm
TCK-002273,0,0.4902,0,svm
TCK-001917,0,0.5313,0,svm
TCK-005139,0,0.4664,0,svm
TCK-000301,0,0.2604,0,svm
TCK-007656,0,0.2517,0,svm
TCK-000914,0,0.483,0,svm
TCK-003276,1,0.5802,0,svm
TCK-005419,0,0.483,0,svm
TCK-000047,0,0.4481,0,svm
TCK-003757,0,0.7452,1,svm
TCK-000495,0,0.4836,0,svm
TCK-002747,1,0.786,1,svm
TCK-007983,0,0.5184,0,svm
TCK-002368,0,0.2423,0,svm
TCK-005406,0,0.472,0,svm
TCK-004570,0,0.2057,0,svm
TCK-004521,0,0.2492,0,svm
TCK-005173,0,0.2269,0,svm
TCK-007477,0,0.3191,0,svm
TCK-006909,0,0.4467,0,svm
TCK-000093,0,0.2044,0,svm
TCK-002967,0,0.4729,0,svm
TCK-001064,0,0.4172,0,svm
TCK-002447,0,0.4235,0,svm
TCK-004953,1,0.4788,0,svm
TCK-003890,1,0.5282,0,svm
TCK-006639,0,0.8173,1,svm
TCK-003795,1,0.6405,0,svm
TCK-004104,0,0.5579,0,svm
TCK-007367,0,0.8195,1,svm
TCK-003873,0,0.425,0,svm
TCK-007454,0,0.4782,0,svm
TCK-000482,0,0.5068,0,svm
TCK-006626,0,0.4282,0,svm
TCK-001618,0,0.4206,0,svm
TCK-005681,1,0.8638,1,svm
TCK-002202,0,0.4546,0,svm
TCK-002821,0,0.3915,0,svm
TCK-004596,0,0.3073,0,svm
TCK-006088,0,0.0653,0,svm
TCK-004525,0,0.1669,0,svm
TCK-002471,0,0.5493,0,svm
TCK-006495,0,0.1891,0,svm
TCK-007155,0,0.1698,0,svm
TCK-000438,0,0.1664,0,svm
TCK-001746,0,0.5417,0,svm
TCK-007577,0,0.2685,0,svm
TCK-000766,1,0.7139,1,svm
TCK-006255,0,0.201,0,svm
TCK-003011,0,0.5483,0,svm
TCK-006943,1,0.8312,1,svm
TCK-003051,0,0.5104,0,svm
TCK-004406,0,0.1187,0,svm
TCK-006910,1,0.8495,1,svm
TCK-003732,0,0.4984,0,svm
TCK-001213,1,0.6937,1,svm
TCK-004949,0,0.3418,0,svm
TCK-003046,0,0.4463,0,svm
TCK-002121,0,0.2091,0,svm
TCK-003271,0,0.4789,0,svm
TCK-001476,0,0.3495,0,svm
TCK-007066,0,0.3461,0,svm
TCK-006355,0,0.4087,0,svm
TCK-002053,0,0.5023,0,svm
TCK-001489,0,0.6174,0,svm
TCK-006347,1,0.692,1,svm
TCK-005527,0,0.5353,0,svm
TCK-005387,0,0.2022,0,svm
TCK-007065,0,0.1464,0,svm
TCK-005786,1,0.8414,1,svm
TCK-007634,0,0.2708,0,svm
TCK-002377,1,0.8349,1,svm
TCK-002556,0,0.1526,0,svm
TCK-002236,1,0.8069,1,svm
TCK-005024,1,0.5831,0,svm
TCK-001503,0,0.5344,0,svm
TCK-006163,0,0.1376,0,svm
TCK-006857,0,0.5504,0,svm
TCK-007862,0,0.1499,0,svm
TCK-004794,0,0.7251,1,svm
TCK-003978,0,0.3831,0,svm
TCK-000065,1,0.4882,0,svm
TCK-005875,0,0.3885,0,svm
TCK-004341,0,0.3875,0,svm
TCK-006866,0,0.2573,0,svm
TCK-004004,0,0.3614,0,svm
TCK-002145,0,0.4664,0,svm
TCK-007212,0,0.1679,0,svm
TCK-007652,0,0.4055,0,svm
TCK-006097,1,0.5298,0,svm
TCK-002755,0,0.3109,0,svm
TCK-000364,1,0.6486,0,svm
TCK-004411,0,0.3423,0,svm
TCK-002402,0,0.2211,0,svm
TCK-007765,1,0.8684,1,svm
TCK-006280,1,0.9955,1,svm
TCK-001682,1,0.5764,0,svm
TCK-003536,0,0.4135,0,svm
TCK-005758,0,0.4781,0,svm
TCK-005798,0,0.4864,0,svm
TCK-003300,0,0.3626,0,svm
TCK-006249,0,0.2152,0,svm
TCK-002326,0,0.47,0,svm
TCK-003526,0,0.4084,0,svm
TCK-003486,0,0.8389,1,svm
TCK-007513,0,0.4256,0,svm
TCK-000214,0,0.2196,0,svm
TCK-004617,0,0.2511,0,svm
TCK-002783,0,0.4856,0,svm
TCK-003387,1,0.842,1,svm
TCK-005853,0,0.2299,0,svm
TCK-000012,1,0.9529,1,svm
TCK-006179,0,0.2715,0,svm
TCK-002370,1,0.8382,1,svm
TCK-000193,0,0.4985,0,svm
TCK-003443,0,0.2453,0,svm
TCK-004846,1,0.7652,1,svm
TCK-002664,0,0.4822,0,svm
TCK-003382,0,0.3602,0,svm
TCK-000703,0,0.4973,0,svm
TCK-001010,1,0.499,0,svm
TCK-006955,0,0.4795,0,svm
TCK-003066,1,0.9462,1,svm
TCK-004140,1,0.5555,0,svm
TCK-000679,0,0.5508,0,svm
TCK-003063,0,0.4508,0,svm
TCK-003773,0,0.4896,0,svm
TCK-001029,0,0.0833,0,svm
TCK-002765,1,0.8562,1,svm
TCK-007283,0,0.381,0,svm
TCK-003350,0,0.4076,0,svm
TCK-003359,0,0.1844,0,svm
TCK-004040,0,0.2199,0,svm
TCK-003955,0,0.4326,0,svm
TCK-004222,0,0.2345,0,svm
TCK-005565,0,0.2423,0,svm
TCK-005951,1,0.564,0,svm
TCK-002173,0,0.5517,0,svm
TCK-002630,0,0.3544,0,svm
TCK-002320,0,0.1973,0,svm
TCK-000918,0,0.3327,0,svm
TCK-007524,1,0.785,1,svm
TCK-002026,0,0.472,0,svm
TCK-002842,0,0.3249,0,svm
TCK-004434,0,0.501,0,svm
TCK-004470,0,0.495,0,svm
TCK-000189,0,0.4472,0,svm
TCK-005412,0,0.368,0,svm
TCK-001371,0,0.0538,0,svm
TCK-003460,0,0.5142,0,svm
TCK-007833,0,0.5427,0,svm
TCK-003524,0,0.1776,0,svm
TCK-003484,0,0.3432,0,svm
TCK-005719,0,0.4431,0,svm
TCK-000784,0,0.4957,0,svm
TCK-006136,0,0.125,0,svm
TCK-001620,0,0.3846,0,svm
TCK-001882,0,0.4393,0,svm
TCK-004576,1,0.8604,1,svm
TCK-005452,0,0.3448,0,svm
TCK-001156,0,0.588,0,svm
TCK-003256,0,0.607,0,svm
TCK-006424,0,0.4687,0,svm
TCK-001116,1,0.8254,1,svm
TCK-002748,0,0.1841,0,svm
TCK-006283,0,0.4293,0,svm
TCK-000391,0,0.692,1,svm
TCK-003429,0,0.4288,0,svm
TCK-003230,0,0.2553,0,svm
TCK-000103,0,0.5195,0,svm
TCK-007850,1,0.6625,0,svm
TCK-003611,0,0.5537,0,svm
TCK-005115,0,0.1717,0,svm
TCK-001301,1,0.4823,0,svm
TCK-003517,0,0.1697,0,svm
TCK-002679,0,0.1724,0,svm
TCK-003211,0,0.3081,0,svm
TCK-007967,1,0.9108,1,svm
TCK-000861,0,0.4464,0,svm
TCK-000785,0,0.4783,0,svm
TCK-000640,0,0.0834,0,svm
TCK-004520,0,0.1909,0,svm
TCK-004429,0,0.2888,0,svm
TCK-005439,1,0.4964,0,svm
TCK-005319,1,0.7092,1,svm
TCK-007830,0,0.6192,0,svm
TCK-007627,1,0.7838,1,svm
TCK-005070,1,0.7401,1,svm
TCK-004510,0,0.3783,0,svm
TCK-003740,0,0.4129,0,svm
TCK-005386,1,0.7226,1,svm
TCK-002564,1,0.66,0,svm
TCK-003523,0,0.3336,0,svm
TCK-005128,1,0.7795,1,svm
TCK-000247,0,0.3524,0,svm
TCK-002175,0,0.265,0,svm
TCK-001785,0,0.1099,0,svm
TCK-004601,0,0.5622,0,svm
TCK-006613,1,0.5036,0,svm
TCK-004200,0,0.4202,0,svm
TCK-006474,1,0.5849,0,svm
TCK-002644,0,0.4953,0,svm
TCK-003369,0,0.4739,0,svm
TCK-000988,0,0.2006,0,svm
TCK-000354,0,0.4965,0,svm
TCK-004235,0,0.5721,0,svm
TCK-000798,1,0.5006,0,svm
TCK-005807,0,0.4703,0,svm
TCK-002313,0,0.2567,0,svm
TCK-003026,0,0.0907,0,svm
TCK-003905,0,0.251,0,svm
TCK-006754,1,0.9154,1,svm
TCK-005110,0,0.4359,0,svm
TCK-006229,0,0.2474,0,svm
TCK-004670,1,0.8873,1,svm
TCK-006885,1,0.8409,1,svm
TCK-004606,0,0.5401,0,svm
TCK-003160,0,0.1863,0,svm
TCK-004842,0,0.3827,0,svm
TCK-004105,0,0.133,0,svm
TCK-002523,0,0.442,0,svm
TCK-004731,0,0.299,0,svm
TCK-001613,0,0.5598,0,svm
TCK-006199,0,0.4962,0,svm
TCK-006412,0,0.502,0,svm
TCK-002285,0,0.4952,0,svm
TCK-006796,0,0.4621,0,svm
TCK-000316,1,0.5362,0,svm
TCK-001311,0,0.49,0,svm
TCK-007151,0,0.5003,0,svm
TCK-002183,0,0.4184,0,svm
TCK-006047,0,0.2546,0,svm
TCK-000100,1,0.8037,1,svm
TCK-007472,0,0.2062,0,svm
TCK-003555,0,0.2705,0,svm
TCK-004999,0,0.4027,0,svm
TCK-006339,0,0.5579,0,svm
TCK-005455,0,0.4536,0,svm
TCK-002002,0,0.2815,0,svm
TCK-005602,0,0.2356,0,svm
TCK-001100,0,0.1274,0,svm
TCK-007332,1,0.9069,1,svm
TCK-001389,0,0.1141,0,svm
TCK-000767,0,0.2293,0,svm
TCK-002633,0,0.379,0,svm
TCK-007109,0,0.4738,0,svm
TCK-003343,0,0.384,0,svm
TCK-005090,1,0.6652,0,svm
TCK-005421,1,0.5849,0,svm
TCK-003559,0,0.0701,0,svm
TCK-000571,0,0.4361,0,svm
TCK-004326,0,0.3855,0,svm
TCK-007213,0,0.4349,0,svm
TCK-007888,1,0.6214,0,svm
TCK-003537,0,0.3285,0,svm
TCK-006645,0,0.1964,0,svm
TCK-003352,0,0.4646,0,svm
TCK-002147,0,0.4976,0,svm
TCK-001538,1,0.8665,1,svm
TCK-006998,1,0.5696,0,svm
TCK-001690,0,0.402,0,svm
TCK-003870,0,0.2537,0,svm
TCK-005718,0,0.2821,0,svm
TCK-000255,0,0.3532,0,svm
TCK-005237,0,0.4585,0,svm
TCK-007982,0,0.2018,0,svm
TCK-003076,0,0.4646,0,svm
TCK-001667,0,0.5091,0,svm
TCK-002113,0,0.09,0,svm
TCK-003075,0,0.4462,0,svm
TCK-004006,0,0.2897,0,svm
TCK-007334,0,0.4578,0,svm
TCK-002723,0,0.5167,0,svm
TCK-003153,0,0.5493,0,svm
TCK-005929,0,0.309,0,svm
TCK-006962,0,0.1599,0,svm
TCK-006027,0,0.3975,0,svm
TCK-005750,1,0.8459,1,svm
TCK-000633,0,0.4771,0,svm
TCK-005177,0,0.3073,0,svm
TCK-002688,0,0.4799,0,svm
TCK-000950,0,0.4741,0,svm
TCK-004820,1,0.6341,0,svm
TCK-006764,0,0.482,0,svm
TCK-001495,0,0.3668,0,svm
TCK-006174,0,0.2113,0,svm
TCK-000287,0,0.2075,0,svm
TCK-001194,1,0.6522,0,svm
TCK-001205,1,0.9202,1,svm
TCK-000337,0,0.4603,0,svm
TCK-005752,0,0.2016,0,svm
TCK-002458,0,0.1107,0,svm
TCK-002188,0,0.4206,0,svm
TCK-007730,0,0.5169,0,svm
TCK-003783,0,0.5814,0,svm
TCK-006669,0,0.1817,0,svm
TCK-002708,0,0.3169,0,svm
TCK-002507,1,0.8473,1,svm
TCK-003092,1,0.8727,1,svm
TCK-007256,1,0.8495,1,svm
TCK-007596,0,0.3883,0,svm
TCK-007313,0,0.4967,0,svm
TCK-000999,1,0.8878,1,svm
TCK-005740,0,0.2474,0,svm
TCK-004207,1,0.8458,1,svm
TCK-006980,0,0.412,0,svm
TCK-000427,0,0.2883,0,svm
TCK-000043,0,0.2848,0,svm
TCK-004618,0,0.1042,0,svm
TCK-001679,0,0.5241,0,svm
TCK-002300,1,0.7159,1,svm
TCK-001659,1,0.5262,0,svm
TCK-002239,1,0.8432,1,svm
TCK-007970,0,0.3712,0,svm
TCK-006674,0,0.7258,1,svm
TCK-006248,1,0.8111,1,svm
TCK-007495,0,0.4648,0,svm
TCK-003778,0,0.5773,0,svm
TCK-004259,0,0.0244,0,svm
TCK-003234,0,0.6148,0,svm
TCK-001112,0,0.188,0,svm
TCK-001730,0,0.1937,0,svm
TCK-004161,0,0.3182,0,svm
TCK-004029,1,0.5277,0,svm
TCK-002631,0,0.4837,0,svm
TCK-004352,0,0.1427,0,svm
TCK-006122,0,0.1104,0,svm
TCK-003354,0,0.4802,0,svm
TCK-006604,1,0.5319,0,svm
TCK-007998,0,0.4782,0,svm
TCK-001286,0,0.2972,0,svm
TCK-006939,0,0.416,0,svm
TCK-005959,0,0.4252,0,svm
TCK-006493,0,0.4161,0,svm
TCK-000434,0,0.1749,0,svm
TCK-004734,0,0.2971,0,svm
TCK-000966,1,0.8397,1,svm
TCK-001385,0,0.1812,0,svm
TCK-003578,0,0.4639,0,svm
TCK-000070,0,0.5384,0,svm
TCK-000984,1,0.792,1,svm
TCK-005398,0,0.3825,0,svm
TCK-003725,1,0.7366,1,svm
TCK-002646,0,0.1047,0,svm
TCK-005607,0,0.5074,0,svm
TCK-007220,0,0.2219,0,svm
TCK-002306,0,0.5589,0,svm
TCK-004526,0,0.3976,0,svm
TCK-007820,0,0.4941,0,svm
TCK-004956,0,0.4424,0,svm
TCK-003372,0,0.6767,1,svm
TCK-003572,0,0.3873,0,svm
TCK-003654,0,0.1747,0,svm
TCK-000663,0,0.4415,0,svm
TCK-007689,1,0.8802,1,svm
TCK-006239,0,0.4308,0,svm
TCK-002100,0,0.6714,1,svm
TCK-001675,1,0.9277,1,svm
TCK-005013,1,0.8085,1,svm
TCK-002826,0,0.2385,0,svm
TCK-007247,0,0.4765,0,svm
TCK-002738,0,0.1275,0,svm
TCK-007795,0,0.1577,0,svm
TCK-000256,1,0.8751,1,svm
TCK-002382,0,0.2223,0,svm
TCK-007699,0,0.4725,0,svm
TCK-004531,0,0.4468,0,svm
TCK-003154,0,0.3956,0,svm
TCK-002014,1,0.7925,1,svm
TCK-002217,0,0.2262,0,svm
TCK-004902,0,0.4316,0,svm
TCK-007365,1,0.5451,0,svm
TCK-000636,1,0.5931,0,svm
TCK-003212,0,0.479,0,svm
TCK-004216,0,0.3841,0,svm
TCK-003367,0,0.2632,0,svm
TCK-006763,1,0.8599,1,svm
TCK-007658,0,0.2384,0,svm
TCK-000539,0,0.145,0,svm
TCK-000170,0,0.3057,0,svm
TCK-006234,0,0.3648,0,svm
TCK-003554,0,0.5406,0,svm
TCK-005336,0,0.0724,0,svm
TCK-007168,1,0.8299,1,svm
TCK-000329,0,0.5409,0,svm
TCK-007242,0,0.5112,0,svm
TCK-007299,0,0.21,0,svm
TCK-003519,0,0.3529,0,svm
TCK-002666,1,0.8642,1,svm
TCK-006357,0,0.7084,1,svm
TCK-001462,0,0.2424,0,svm
TCK-006777,0,0.4235,0,svm
TCK-005710,1,0.8725,1,svm
TCK-003901,1,0.5665,0,svm
TCK-004837,0,0.1456,0,svm
TCK-005235,1,0.8932,1,svm
TCK-001070,1,0.4534,0,svm
TCK-004247,1,0.7452,1,svm
TCK-000341,1,0.7508,1,svm
TCK-002210,0,0.4893,0,svm
TCK-004840,0,0.403,0,svm
TCK-002964,1,0.9017,1,svm
TCK-002105,0,0.1072,0,svm
TCK-005564,0,0.1568,0,svm
TCK-006430,0,0.436,0,svm
TCK-001973,0,0.5519,0,svm
TCK-002139,1,0.7786,1,svm
TCK-002534,0,0.4811,0,svm
TCK-000504,0,0.1035,0,svm
TCK-004611,1,0.5696,0,svm
TCK-004354,1,0.872,1,svm
TCK-001783,0,0.4536,0,svm
TCK-000597,1,0.4773,0,svm
TCK-002886,0,0.5139,0,svm
TCK-007158,0,0.0703,0,svm
TCK-001017,1,0.8541,1,svm
TCK-005206,1,0.5441,0,svm
TCK-006538,0,0.425,0,svm
TCK-005185,0,0.221,0,svm
TCK-002575,0,0.509,0,svm
TCK-007779,0,0.6002,0,svm
TCK-003678,1,0.8657,1,svm
TCK-000405,0,0.5327,0,svm
TCK-006657,0,0.3945,0,svm
TCK-006198,0,0.2247,0,svm
TCK-000066,1,0.5587,0,svm
TCK-004051,0,0.4488,0,svm
TCK-005071,1,0.5583,0,svm
TCK-004014,0,0.542,0,svm
TCK-004218,1,0.854,1,svm
TCK-001261,0,0.4617,0,svm
TCK-003622,0,0.5272,0,svm
TCK-005239,0,0.085,0,svm
TCK-001052,0,0.2245,0,svm
TCK-000343,1,0.8744,1,svm
TCK-001557,0,0.4516,0,svm
TCK-004018,0,0.5112,0,svm
TCK-006149,1,0.8799,1,svm
TCK-004818,0,0.2494,0,svm
TCK-005191,0,0.4161,0,svm
TCK-002164,0,0.2775,0,svm
TCK-000210,0,0.4463,0,svm
TCK-006748,0,0.0988,0,svm
TCK-000005,0,0.4936,0,svm
TCK-003121,0,0.8755,1,svm
TCK-002576,1,0.8149,1,svm
TCK-006116,0,0.4985,0,svm
TCK-001076,0,0.4288,0,svm
TCK-006113,1,0.8369,1,svm
TCK-003503,0,0.2837,0,svm
TCK-006697,1,0.8402,1,svm
TCK-001204,1,0.5957,0,svm
TCK-004000,0,0.4681,0,svm
TCK-001786,0,0.7398,1,svm
TCK-005196,0,0.0812,0,svm
TCK-004800,0,0.2942,0,svm
TCK-002776,0,0.6061,0,svm
TCK-000475,1,0.709,1,svm
TCK-006886,1,0.8413,1,svm
TCK-005877,0,0.5895,0,svm
TCK-002784,0,0.3406,0,svm
TCK-000259,0,0.5263,0,svm
TCK-005400,0,0.467,0,svm
TCK-001184,0,0.8356,1,svm
TCK-004402,1,0.7932,1,svm
TCK-002012,1,0.7444,1,svm
TCK-006451,1,0.9146,1,svm
TCK-004615,0,0.4946,0,svm
TCK-000778,0,0.4718,0,svm
TCK-007853,1,0.86,1,svm
TCK-003531,1,0.8338,1,svm
TCK-007449,0,0.3878,0,svm
TCK-007437,1,0.8433,1,svm
TCK-003954,0,0.4488,0,svm
TCK-002355,0,0.3196,0,svm
TCK-005500,0,0.3746,0,svm
TCK-007460,0,0.2727,0,svm
TCK-004130,0,0.0602,0,svm
TCK-006803,0,0.2821,0,svm
TCK-001259,1,0.8312,1,svm
TCK-007402,0,0.3854,0,svm
TCK-001024,1,0.5745,0,svm
TCK-007876,1,0.9149,1,svm
TCK-006275,1,0.8281,1,svm
TCK-000649,0,0.5672,0,svm
TCK-006008,0,0.2354,0,svm
TCK-006020,0,0.4453,0,svm
TCK-000003,0,0.4211,0,svm
TCK-003396,1,0.9096,1,svm
TCK-004375,0,0.4608,0,svm
TCK-000671,1,0.8623,1,svm
TCK-002341,1,0.8442,1,svm
TCK-002963,0,0.0,0,svm
TCK-001253,1,0.5821,0,svm
TCK-001896,1,0.6957,1,svm
TCK-001436,0,0.441,0,svm
TCK-003694,0,0.2793,0,svm
TCK-003672,0,0.2722,0,svm
TCK-003216,1,0.7232,1,svm
TCK-000551,1,0.9434,1,svm
TCK-005089,0,0.1628,0,svm
TCK-006894,1,0.485,0,svm
TCK-004971,0,0.4286,0,svm
TCK-003452,0,0.5771,0,svm
TCK-003304,0,0.4503,0,svm
TCK-002455,0,0.4729,0,svm
TCK-005485,1,0.5483,0,svm
TCK-007873,1,0.5011,0,svm
TCK-004854,0,0.543,0,svm
TCK-004497,0,0.2431,0,svm
TCK-005628,1,0.6167,0,svm
TCK-003695,0,0.6227,0,svm
TCK-002020,0,0.7873,1,svm
TCK-000692,0,0.4589,0,svm
TCK-003206,0,0.5117,0,svm
TCK-005605,0,0.232,0,svm
TCK-002655,0,0.3786,0,svm
TCK-005407,1,0.8194,1,svm
TCK-005772,0,0.2746,0,svm
TCK-004095,0,0.5658,0,svm
TCK-001615,0,0.7806,1,svm
TCK-006906,0,0.7713,1,svm
TCK-005362,0,0.3862,0,svm
TCK-006663,0,0.3406,0,svm
TCK-005670,1,0.5415,0,svm
TCK-006472,1,1.0,1,svm
TCK-002835,0,0.4726,0,svm
TCK-002390,0,0.502,0,svm
TCK-004506,0,0.2419,0,svm
TCK-003808,0,0.446,0,svm
TCK-004245,0,0.5048,0,svm
TCK-007940,1,0.7132,1,svm
TCK-004911,1,0.874,1,svm
TCK-002345,0,0.3589,0,svm
TCK-006509,1,0.789,1,svm
TCK-002027,0,0.5044,0,svm
TCK-004304,1,0.8318,1,svm
TCK-000441,0,0.2167,0,svm
TCK-005746,0,0.6566,0,svm
TCK-004283,0,0.4609,0,svm
TCK-005695,0,0.4608,0,svm
TCK-001364,0,0.3227,0,svm
TCK-001718,0,0.0667,0,svm
TCK-001151,0,0.4358,0,svm
TCK-001111,1,0.7042,1,svm
TCK-003953,1,0.8579,1,svm
TCK-007039,0,0.2779,0,svm
TCK-007399,0,0.3815,0,svm
TCK-001505,0,0.5,0,svm
TCK-002102,0,0.3996,0,svm
TCK-000078,1,0.8983,1,svm
TCK-007236,0,0.1105,0,svm
TCK-002106,1,0.8564,1,svm
TCK-007041,0,0.2299,0,svm
TCK-002651,0,0.2314,0,svm
TCK-006926,0,0.1805,0,svm
TCK-005291,0,0.2418,0,svm
TCK-000717,0,0.3331,0,svm
TCK-001347,0,0.5134,0,svm
TCK-000941,1,0.5562,0,svm
TCK-005305,0,0.5191,0,svm
TCK-003811,0,0.4455,0,svm
TCK-003293,0,0.4917,0,svm
TCK-005129,0,0.1829,0,svm
TCK-007840,0,0.4507,0,svm
TCK-004320,1,0.708,1,svm
TCK-007182,0,0.3993,0,svm
TCK-005766,0,0.2336,0,svm
TCK-001709,1,0.8347,1,svm
TCK-000848,1,0.9566,1,svm
TCK-006677,0,0.5258,0,svm
TCK-003855,0,0.4815,0,svm
TCK-000363,0,0.5086,0,svm
TCK-001720,0,0.2736,0,svm
TCK-001400,1,0.5189,0,svm
TCK-005050,0,0.2858,0,svm
TCK-003477,0,0.4665,0,svm
TCK-006819,0,0.5026,0,svm
TCK-006776,0,0.5079,0,svm
TCK-000502,0,0.4453,0,svm
TCK-006196,0,0.1999,0,svm
TCK-006933,1,0.8429,1,svm
TCK-000056,0,0.4564,0,svm
TCK-006094,0,0.1849,0,svm
TCK-005331,0,0.373,0,svm
TCK-003729,0,0.4851,0,svm
TCK-006722,1,0.8448,1,svm
TCK-005517,0,0.4656,0,svm
TCK-006733,0,0.2952,0,svm
TCK-000370,0,0.5068,0,svm
TCK-007391,1,0.6088,0,svm
TCK-002331,0,0.4947,0,svm
TCK-002611,0,0.2533,0,svm
TCK-000171,0,0.37,0,svm
TCK-004943,0,0.1977,0,svm
TCK-004091,0,0.0358,0,svm
TCK-004378,0,0.4844,0,svm
TCK-003824,0,0.3276,0,svm
TCK-001742,0,0.4158,0,svm
TCK-007418,0,0.764,1,svm
TCK-004821,0,0.377,0,svm
TCK-004296,0,0.4678,0,svm
TCK-005369,0,0.3228,0,svm
TCK-006826,1,0.6957,1,svm
TCK-002622,0,0.506,0,svm
TCK-002007,0,0.3009,0,svm
TCK-007499,0,0.3983,0,svm
TCK-003617,0,0.4133,0,svm
TCK-004229,0,0.3171,0,svm
TCK-003182,0,0.5033,0,svm
TCK-002069,0,0.5145,0,svm
TCK-007631,0,0.2994,0,svm
TCK-005337,0,0.5947,0,svm
TCK-002335,0,0.2045,0,svm
TCK-007881,0,0.5601,0,svm
TCK-006491,0,0.3486,0,svm
TCK-005240,0,0.4433,0,svm
TCK-003681,0,0.4778,0,svm
TCK-007067,0,0.2199,0,svm
TCK-007877,0,0.2678,0,svm
TCK-006904,0,0.5788,0,svm
TCK-002119,0,0.6062,0,svm
TCK-007139,1,0.8591,1,svm
TCK-000392,1,0.6353,0,svm
TCK-003840,0,0.4339,0,svm
TCK-002266,0,0.0645,0,svm
TCK-000820,0,0.4213,0,svm
TCK-000720,1,0.778,1,svm
TCK-002781,0,0.4804,0,svm
TCK-002186,1,0.5125,0,svm
TCK-006341,0,0.2823,0,svm
TCK-001652,0,0.096,0,svm
TCK-007662,0,0.5728,0,svm
TCK-001784,0,0.6968,1,svm
TCK-006699,0,0.4612,0,svm
TCK-006932,0,0.5455,0,svm
TCK-005168,0,0.459,0,svm
TCK-005802,0,0.3215,0,svm
TCK-007934,0,0.5668,0,svm
TCK-005443,1,0.5485,0,svm
TCK-004225,0,0.7944,1,svm
TCK-000824,0,0.5223,0,svm
TCK-001751,0,0.388,0,svm
TCK-006727,0,0.4264,0,svm
TCK-006105,0,0.4275,0,svm
TCK-001376,1,0.7127,1,svm
TCK-007200,0,0.4582,0,svm
TCK-003312,0,0.4515,0,svm
TCK-005764,0,0.5627,0,svm
TCK-006679,0,0.1795,0,svm
TCK-004168,0,0.2294,0,svm
TCK-006254,0,0.5555,0,svm
TCK-002258,0,0.1003,0,svm
TCK-002542,0,0.2244,0,svm
TCK-005397,0,0.5292,0,svm
TCK-001490,0,0.2171,0,svm
TCK-007503,0,0.2533,0,svm
TCK-002037,0,0.3069,0,svm
TCK-007623,1,0.5239,0,svm
TCK-004049,0,0.4256,0,svm
TCK-002374,0,0.4407,0,svm
TCK-007106,0,0.3345,0,svm
TCK-000091,0,0.672,1,svm
TCK-000909,0,0.4719,0,svm
TCK-001209,0,0.2338,0,svm
TCK-007317,1,0.6268,0,svm
TCK-001697,0,0.5158,0,svm
TCK-004438,0,0.5665,0,svm
TCK-003904,0,0.4193,0,svm
TCK-007918,0,0.4598,0,svm
TCK-003459,0,0.4289,0,svm
TCK-007270,0,0.5575,0,svm
TCK-000202,0,0.2605,0,svm
TCK-003711,1,0.5049,0,svm
TCK-006288,0,0.2571,0,svm
TCK-005257,1,0.7959,1,svm
TCK-000011,0,0.6443,0,svm
TCK-006760,0,0.2506,0,svm
TCK-007383,1,0.7996,1,svm
TCK-005157,0,0.2445,0,svm
TCK-006935,0,0.1403,0,svm
TCK-004236,0,0.3809,0,svm
TCK-003492,0,0.0757,0,svm
TCK-005547,0,0.4268,0,svm
TCK-005404,0,0.4777,0,svm
TCK-007259,1,0.6883,1,svm
TCK-005514,0,0.4724,0,svm
TCK-007111,0,0.3872,0,svm
TCK-000064,1,0.6274,0,svm
TCK-003831,0,0.1178,0,svm
TCK-004223,1,0.6218,0,svm
TCK-002668,1,0.8378,1,svm
TCK-003608,1,0.6219,0,svm
TCK-003496,0,0.2273,0,svm
TCK-007786,0,0.234,0,svm
TCK-004367,0,0.5767,0,svm
TCK-000619,0,0.231,0,svm
TCK-004087,0,0.4116,0,svm
TCK-003702,1,0.7979,1,svm
TCK-002616,0,0.1986,0,svm
TCK-005105,1,0.8537,1,svm
TCK-007724,1,0.5196,0,svm
TCK-003272,0,0.092,0,svm
TCK-005714,0,0.1906,0,svm
TCK-006309,0,0.4665,0,svm
TCK-006373,0,0.4757,0,svm
TCK-004385,0,0.4976,0,svm
TCK-001230,0,0.5162,0,svm
TCK-004918,0,0.458,0,svm
TCK-004659,1,0.5013,0,svm
TCK-001267,0,0.4617,0,svm
TCK-004646,0,0.4828,0,svm
TCK-004501,0,0.6385,0,svm
TCK-004386,1,0.8293,1,svm
TCK-002672,0,0.3574,0,svm
TCK-007171,0,0.0786,0,svm
TCK-005314,0,0.5625,0,svm
TCK-003909,1,0.6944,1,svm
TCK-003493,0,0.4803,0,svm
TCK-007195,1,0.787,1,svm
TCK-000794,0,0.1578,0,svm
TCK-006766,1,0.9277,1,svm
TCK-007500,0,0.1206,0,svm
TCK-002205,0,0.6085,0,svm
TCK-006897,0,0.4395,0,svm
TCK-006575,0,0.0935,0,svm
TCK-000161,0,0.3706,0,svm
TCK-003073,0,0.6168,0,svm
TCK-002292,1,0.6071,0,svm
TCK-000460,0,0.1029,0,svm
TCK-004280,0,0.4224,0,svm
TCK-005268,0,0.5413,0,svm
TCK-000175,0,0.4958,0,svm
TCK-005021,0,0.1224,0,svm
TCK-001174,0,0.4705,0,svm
TCK-007692,0,0.209,0,svm
TCK-000201,0,0.048,0,svm
TCK-001372,0,0.1989,0,svm
TCK-005098,0,0.1364,0,svm
TCK-000157,0,0.4628,0,svm
TCK-005004,1,0.8205,1,svm
TCK-000305,0,0.3049,0,svm
TCK-006447,0,0.4848,0,svm
TCK-005425,0,0.1692,0,svm
TCK-005414,0,0.3727,0,svm
TCK-004347,0,0.2336,0,svm
TCK-000613,0,0.255,0,svm
TCK-000172,0,0.5009,0,svm
TCK-005938,0,0.4625,0,svm
TCK-007124,0,0.4168,0,svm
TCK-002898,1,0.5229,0,svm
TCK-006991,0,0.375,0,svm
TCK-007037,0,0.2297,0,svm
TCK-004158,0,0.2278,0,svm
TCK-001795,0,0.4959,0,svm
TCK-002778,0,0.4051,0,svm
TCK-001396,1,0.8391,1,svm
TCK-002605,0,0.2771,0,svm
TCK-005531,0,0.3942,0,svm
TCK-003705,0,0.3209,0,svm
TCK-001713,0,0.4203,0,svm
TCK-001102,1,0.6392,0,svm
TCK-006775,1,0.8305,1,svm
TCK-002739,1,0.8873,1,svm
TCK-005149,0,0.4289,0,svm
TCK-000322,0,0.5659,0,svm
TCK-000768,1,0.8793,1,svm
TCK-005801,0,0.4103,0,svm
TCK-000630,1,0.6515,0,svm
TCK-005229,0,0.11,0,svm
TCK-002400,0,0.6284,0,svm
TCK-001043,0,0.1998,0,svm
TCK-003810,0,0.2239,0,svm
TCK-006619,0,0.4726,0,svm
TCK-003476,1,0.8131,1,svm
TCK-005506,0,0.5514,0,svm
TCK-004700,0,0.5524,0,svm
TCK-004815,0,0.4853,0,svm
TCK-000313,0,0.4557,0,svm
TCK-007366,0,0.324,0,svm
TCK-004785,0,0.267,0,svm
TCK-004701,0,0.327,0,svm
TCK-004524,0,0.4792,0,svm
TCK-003693,0,0.5209,0,svm
TCK-005164,1,0.7595,1,svm
TCK-006564,1,0.7204,1,svm
TCK-004757,1,0.8706,1,svm
TCK-002019,0,0.4465,0,svm
TCK-006691,0,0.2185,0,svm
TCK-002463,0,0.3008,0,svm
TCK-000781,0,0.2998,0,svm
TCK-002391,0,0.4285,0,svm
TCK-005442,0,0.328,0,svm
TCK-005787,0,0.3479,0,svm
TCK-003126,1,0.7022,1,svm
TCK-007625,1,0.888,1,svm
TCK-007392,0,0.3703,0,svm
TCK-004516,0,0.2737,0,svm
TCK-007384,1,0.5164,0,svm
TCK-002421,1,0.8259,1,svm
TCK-004194,0,0.5216,0,svm
TCK-002953,1,0.5268,0,svm
TCK-004899,1,0.5094,0,svm
TCK-002769,0,0.3353,0,svm
TCK-001855,1,0.8595,1,svm
TCK-007986,0,0.5563,0,svm
TCK-004847,0,0.4494,0,svm
TCK-003588,0,0.2258,0,svm
TCK-007360,0,0.1615,0,svm
TCK-006441,0,0.6373,0,svm
TCK-001231,0,0.4927,0,svm
TCK-001149,0,0.4568,0,svm
TCK-001571,0,0.3623,0,svm
TCK-004068,0,0.5032,0,svm
TCK-000306,0,0.3476,0,svm
TCK-006993,0,0.6022,0,svm
TCK-004362,1,0.9065,1,svm
TCK-007116,0,0.2269,0,svm
TCK-007628,0,0.4397,0,svm
TCK-001688,0,0.2144,0,svm
TCK-005927,1,0.5178,0,svm
TCK-006940,0,0.5324,0,svm
TCK-001719,1,0.8315,1,svm
TCK-006402,0,0.334,0,svm
TCK-004412,0,0.4242,0,svm
TCK-002861,0,0.4288,0,svm
TCK-005449,0,0.4875,0,svm
TCK-005144,1,0.8402,1,svm
TCK-004637,0,0.7466,1,svm
TCK-005597,1,0.8661,1,svm
TCK-003197,1,0.4697,0,svm
TCK-005187,0,0.4635,0,svm
TCK-003291,0,0.3923,0,svm
TCK-000289,0,0.3823,0,svm
TCK-001815,0,0.1697,0,svm
TCK-001737,0,0.8362,1,svm
TCK-001824,0,0.4488,0,svm
TCK-000522,0,0.4432,0,svm
TCK-003001,0,0.1214,0,svm
TCK-005664,0,0.4156,0,svm
TCK-007492,1,0.7887,1,svm
TCK-001685,0,0.166,0,svm
TCK-004644,0,0.4832,0,svm
TCK-005915,0,0.4622,0,svm
TCK-007403,0,0.2447,0,svm
TCK-006880,0,0.4142,0,svm
TCK-003723,0,0.5247,0,svm
TCK-000323,1,0.8198,1,svm
TCK-003257,1,0.6155,0,svm
TCK-007094,0,0.4251,0,svm
TCK-006606,0,0.3974,0,svm
TCK-006788,0,0.0797,0,svm
TCK-007311,0,0.4835,0,svm
TCK-003969,0,0.7747,1,svm
TCK-003922,1,0.5,0,svm
TCK-001223,0,0.5026,0,svm
TCK-000211,0,0.4398,0,svm
TCK-007275,0,0.1641,0,svm
TCK-006648,0,0.4495,0,svm
TCK-007251,0,0.4224,0,svm
TCK-004791,1,0.8271,1,svm
TCK-000446,0,0.3329,0,svm
TCK-006502,0,0.4838,0,svm
TCK-002086,0,0.5243,0,svm
TCK-003641,0,0.1508,0,svm
TCK-006771,1,0.8935,1,svm
TCK-003089,0,0.7296,1,svm
TCK-004343,0,0.4153,0,svm
TCK-004789,0,0.4565,0,svm
TCK-004403,1,0.5469,0,svm
TCK-007145,1,0.8756,1,svm
TCK-000874,1,0.8493,1,svm
TCK-002263,1,0.6906,1,svm
TCK-003815,1,0.7981,1,svm
TCK-003871,1,0.8826,1,svm
TCK-005886,0,0.3786,0,svm
TCK-005842,0,0.3599,0,svm
TCK-006534,1,0.5198,0,svm
TCK-001227,0,0.5693,0,svm
TCK-006037,1,0.7799,1,svm
TCK-002570,0,0.5259,0,svm
TCK-004450,0,0.462,0,svm
TCK-000488,0,0.0891,0,svm
TCK-007353,0,0.1736,0,svm
TCK-007746,0,0.5015,0,svm
TCK-005808,1,0.8528,1,svm
TCK-005806,1,0.6672,0,svm
TCK-005384,0,0.5854,0,svm
TCK-000625,1,0.7829,1,svm
TCK-005075,0,0.513,0,svm
TCK-003775,0,0.6897,1,svm
TCK-000509,0,0.3269,0,svm
TCK-005711,0,0.4485,0,svm
TCK-005956,0,0.2778,0,svm
TCK-007956,1,0.8371,1,svm
TCK-000049,0,0.4234,0,svm
TCK-005312,1,0.5364,0,svm
TCK-007576,0,0.259,0,svm
TCK-001602,0,0.4344,0,svm
TCK-001273,1,0.6273,0,svm
TCK-004281,1,0.7138,1,svm
TCK-006588,0,0.4808,0,svm
TCK-002632,0,0.1674,0,svm
TCK-006031,1,0.609,0,svm
TCK-000416,0,0.4908,0,svm
TCK-003527,1,0.8569,1,svm
TCK-006526,0,0.3643,0,svm
TCK-004825,0,0.4708,0,svm
TCK-002237,0,0.3831,0,svm
TCK-005976,0,0.247,0,svm
TCK-007266,0,0.5238,0,svm
TCK-006470,0,0.4242,0,svm
TCK-000831,0,0.4637,0,svm
TCK-005899,0,0.2259,0,svm
TCK-005202,0,0.4029,0,svm
TCK-000680,0,0.457,0,svm
TCK-005742,0,0.4633,0,svm
TCK-002349,0,0.2365,0,svm
TCK-007287,0,0.4805,0,svm
TCK-004444,0,0.1943,0,svm
TCK-006565,0,0.1348,0,svm
TCK-003987,1,0.4835,0,svm
TCK-004592,0,0.2197,0,svm
TCK-006780,0,0.3295,0,svm
TCK-007208,0,0.1332,0,svm
TCK-003084,0,0.301,0,svm
TCK-002156,0,0.4913,0,svm
TCK-006832,0,0.1506,0,svm
TCK-002642,0,0.4789,0,svm
TCK-006994,0,0.4473,0,svm
TCK-001553,0,0.3572,0,svm
TCK-000604,0,0.4205,0,svm
TCK-007721,0,0.6263,0,svm
TCK-007585,0,0.2507,0,svm
TCK-002541,0,0.1303,0,svm
TCK-000135,0,0.3931,0,svm
TCK-000494,0,0.5378,0,svm
TCK-005330,1,0.7703,1,svm
TCK-002734,0,0.289,0,svm
TCK-000179,0,0.2913,0,svm
TCK-007646,1,0.9023,1,svm
TCK-004448,0,0.5216,0,svm
TCK-004289,0,0.2571,0,svm
TCK-000139,0,0.4427,0,svm
TCK-005579,0,0.327,0,svm
TCK-006192,0,0.3538,0,svm
TCK-007027,0,0.5056,0,svm
TCK-003718,0,0.4929,0,svm
TCK-002881,0,0.6101,0,svm
TCK-004809,0,0.7911,1,svm
TCK-002535,0,0.4313,0,svm
TCK-001488,0,0.5983,0,svm
TCK-006317,0,0.4132,0,svm
TCK-005297,0,0.4047,0,svm
TCK-007413,0,0.1951,0,svm
TCK-007148,0,0.4227,0,svm
TCK-002387,0,0.6062,0,svm
TCK-002165,0,0.4443,0,svm
TCK-007546,1,0.8299,1,svm
TCK-006560,0,0.4352,0,svm
TCK-006622,0,0.379,0,svm
TCK-006797,1,0.8584,1,svm
TCK-004680,0,0.5846,0,svm
TCK-001091,0,0.4606,0,svm
TCK-002768,0,0.125,0,svm
TCK-005534,1,0.8676,1,svm
TCK-007748,0,0.46,0,svm
TCK-004381,0,0.1517,0,svm
TCK-007285,0,0.4955,0,svm
TCK-007919,0,0.3825,0,svm
TCK-003912,0,0.6103,0,svm
TCK-004761,0,0.4725,0,svm
TCK-005289,1,0.7456,1,svm
TCK-007901,0,0.2846,0,svm
TCK-004620,1,0.7952,1,svm
TCK-002201,0,0.1428,0,svm
TCK-004334,0,0.5814,0,svm
TCK-000531,0,0.174,0,svm
TCK-000425,1,0.8466,1,svm
TCK-001528,0,0.1749,0,svm
TCK-004536,0,0.4408,0,svm
TCK-002235,0,0.4283,0,svm
TCK-005954,0,0.6876,1,svm
TCK-005521,0,0.5177,0,svm
TCK-001972,0,0.2358,0,svm
TCK-000311,0,0.2472,0,svm
TCK-002670,0,0.4423,0,svm
TCK-000898,0,0.4189,0,svm
TCK-007457,0,0.2481,0,svm
TCK-001180,0,0.4219,0,svm
TCK-003934,1,0.7185,1,svm
TCK-005800,0,0.5394,0,svm
TCK-006414,0,0.641,0,svm
TCK-007126,0,0.5683,0,svm
TCK-002070,0,0.5061,0,svm
TCK-000772,1,0.9775,1,svm
TCK-003470,0,0.483,0,svm
TCK-006494,1,0.9209,1,svm
TCK-000901,1,0.7366,1,svm
TCK-007444,0,0.5368,0,svm
TCK-006124,1,0.8523,1,svm
TCK-005101,0,0.2188,0,svm
TCK-005632,0,0.4379,0,svm
TCK-007127,0,0.4962,0,svm
TCK-003941,0,0.7484,1,svm
TCK-005047,0,0.2585,0,svm
TCK-007752,0,0.406,0,svm
TCK-005716,0,0.1698,0,svm
TCK-007162,0,0.4851,0,svm
TCK-006219,1,0.8223,1,svm
TCK-004098,0,0.465,0,svm
TCK-001045,1,0.76,1,svm
TCK-005133,0,0.6108,0,svm
TCK-002316,0,0.2142,0,svm
TCK-002552,0,0.4634,0,svm
TCK-001506,0,0.3217,0,svm
TCK-000803,0,0.2017,0,svm
TCK-005845,0,0.4735,0,svm
TCK-003495,0,0.4291,0,svm
TCK-003102,0,0.4787,0,svm
TCK-007639,0,0.5573,0,svm
TCK-007977,1,0.8376,1,svm
TCK-007433,0,0.1829,0,svm
TCK-004085,0,0.502,0,svm
TCK-001243,0,0.4982,0,svm
TCK-003595,1,0.7235,1,svm
TCK-007078,1,0.8505,1,svm
TCK-007787,0,0.1163,0,svm
TCK-007640,0,0.4764,0,svm
TCK-000790,0,0.1207,0,svm
TCK-002595,0,0.4102,0,svm
TCK-003127,0,0.1431,0,svm
TCK-004915,1,0.5198,0,svm
TCK-001465,0,0.7867,1,svm
TCK-000775,0,0.2545,0,svm
TCK-001776,0,0.2605,0,svm
TCK-006126,0,0.5039,0,svm
TCK-002728,0,0.8893,1,svm
TCK-002524,0,0.2767,0,svm
TCK-002477,1,0.3939,0,svm
TCK-007455,0,0.1601,0,svm
TCK-003318,0,0.345,0,svm
TCK-007929,0,0.4203,0,svm
TCK-001642,0,0.0663,0,svm
TCK-007177,0,0.408,0,svm
TCK-001441,0,0.4104,0,svm
TCK-004080,0,0.1778,0,svm
TCK-005811,0,0.2788,0,svm
TCK-005608,0,0.4074,0,svm
TCK-007002,0,0.5082,0,svm
TCK-001375,0,0.4777,0,svm
TCK-005256,1,0.8184,1,svm
TCK-002112,0,0.2424,0,svm
TCK-000192,0,0.6133,0,svm
TCK-002061,0,0.4469,0,svm
TCK-007831,1,0.6282,0,svm
TCK-004170,0,0.2498,0,svm
TCK-004415,0,0.1569,0,svm
TCK-006161,0,0.4756,0,svm
TCK-001461,1,0.6839,1,svm
TCK-001312,0,0.5951,0,svm
TCK-003101,1,0.7834,1,svm
TCK-007676,1,0.5552,0,svm
TCK-002398,1,0.5735,0,svm
TCK-001884,0,0.5212,0,svm
TCK-002974,0,0.2319,0,svm
TCK-003770,0,0.5956,0,svm
TCK-003140,0,0.3937,0,svm
TCK-000517,0,0.4038,0,svm
TCK-006082,0,0.5409,0,svm
TCK-005841,1,0.8236,1,svm
TCK-002502,0,0.5582,0,svm
TCK-001108,0,0.5409,0,svm
TCK-004348,0,0.2795,0,svm
TCK-007161,0,0.7002,1,svm
TCK-006700,0,0.2969,0,svm
TCK-007906,0,0.1853,0,svm
TCK-000732,0,0.502,0,svm
TCK-000553,1,0.729,1,svm
TCK-003945,0,0.4857,0,svm
TCK-003583,0,0.4464,0,svm
TCK-002405,0,0.6854,1,svm
TCK-003427,1,0.8538,1,svm
TCK-004008,0,0.4513,0,svm
TCK-001260,0,0.5361,0,svm
TCK-000332,0,0.2534,0,svm
TCK-001714,1,0.48,0,svm
TCK-003893,0,0.5464,0,svm
TCK-005136,0,0.1554,0,svm
TCK-004373,0,0.3301,0,svm
TCK-001051,0,0.4317,0,svm
TCK-001369,1,0.8655,1,svm
TCK-000990,0,0.6804,1,svm
TCK-007349,0,0.1546,0,svm
TCK-007549,0,0.1345,0,svm
TCK-003045,0,0.4217,0,svm
TCK-002516,1,0.8454,1,svm
TCK-006180,1,0.4552,0,svm
TCK-007930,0,0.6865,1,svm
TCK-005971,0,0.195,0,svm
TCK-000726,0,0.4673,0,svm
TCK-004182,1,0.5223,0,svm
TCK-002044,1,0.5079,0,svm
TCK-004883,0,0.613,0,svm
TCK-005570,1,0.6981,1,svm
TCK-003434,0,0.0462,0,svm
TCK-001729,0,0.1522,0,svm
TCK-003297,0,0.792,1,svm
TCK-004056,0,0.4965,0,svm
TCK-003620,0,0.5383,0,svm
TCK-005857,0,0.4698,0,svm
TCK-004548,0,0.0836,0,svm
TCK-001656,0,0.1503,0,svm
TCK-003692,0,0.4938,0,svm
TCK-001152,0,0.3308,0,svm
TCK-004633,1,0.7028,1,svm
TCK-000696,0,0.2115,0,svm
TCK-005792,0,0.5779,0,svm
TCK-007531,0,0.5027,0,svm
TCK-005241,0,0.4829,0,svm
TCK-006130,0,0.3455,0,svm
TCK-003059,1,0.8476,1,svm
TCK-001278,0,0.4435,0,svm
TCK-003881,1,0.6735,1,svm
TCK-002567,0,0.5234,0,svm
TCK-007282,1,0.7057,1,svm
TCK-004148,1,0.8818,1,svm
TCK-003630,0,0.548,0,svm
TCK-005788,0,0.5111,0,svm
TCK-001191,1,0.5463,0,svm
TCK-007766,1,0.8087,1,svm
TCK-004695,0,0.2209,0,svm
TCK-003165,0,0.5929,0,svm
TCK-004546,0,0.3137,0,svm
TCK-002166,0,0.1869,0,svm
TCK-001781,0,0.4105,0,svm
TCK-005629,0,0.2183,0,svm
TCK-005288,0,0.4873,0,svm
TCK-005057,0,0.4166,0,svm
TCK-002713,0,0.5952,0,svm
TCK-004481,0,0.3261,0,svm
TCK-005326,0,0.2789,0,svm
TCK-001384,0,0.504,0,svm
TCK-002827,0,0.2503,0,svm
TCK-006344,0,0.5528,0,svm
TCK-000498,1,0.6459,0,svm
TCK-003562,0,0.4505,0,svm
TCK-002574,1,0.8811,1,svm
TCK-003241,0,0.1602,0,svm
TCK-002431,0,0.4037,0,svm
TCK-006106,0,0.4697,0,svm
TCK-004210,0,0.4855,0,svm
TCK-005322,0,0.1686,0,svm
TCK-001124,0,0.5674,0,svm
TCK-002261,0,0.5597,0,svm
TCK-006376,0,0.5536,0,svm
TCK-007154,0,0.4471,0,svm
TCK-002151,0,0.2164,0,svm
TCK-006920,0,0.4325,0,svm
TCK-001707,0,0.5013,0,svm
TCK-001606,0,0.2278,0,svm
TCK-000740,1,0.5127,0,svm
TCK-006311,0,0.8194,1,svm
TCK-004900,0,0.4545,0,svm
TCK-005880,0,0.2931,0,svm
TCK-005171,1,0.8232,1,svm
TCK-003822,0,0.4435,0,svm
TCK-006977,0,0.1871,0,svm
TCK-005848,1,0.9125,1,svm
TCK-006713,1,0.8245,1,svm
TCK-004551,0,0.2174,0,svm
TCK-005324,0,0.4608,0,svm
TCK-004947,0,0.5081,0,svm
TCK-006794,0,0.303,0,svm
TCK-001536,0,0.4853,0,svm
TCK-007001,0,0.4506,0,svm
TCK-000585,0,0.2501,0,svm
TCK-007923,0,0.4852,0,svm
TCK-003522,0,0.1687,0,svm
TCK-004369,0,0.345,0,svm
TCK-000298,1,0.9031,1,svm
TCK-007796,0,0.4745,0,svm
TCK-002652,0,0.4712,0,svm
TCK-004561,1,0.814,1,svm
TCK-005552,0,0.2974,0,svm
TCK-001439,1,0.8241,1,svm
TCK-007607,1,0.6159,0,svm
TCK-003198,0,0.4558,0,svm
TCK-003412,0,0.593,0,svm
TCK-006038,0,0.468,0,svm
TCK-007582,0,0.3742,0,svm
TCK-001909,0,0.4461,0,svm
TCK-007969,0,0.5408,0,svm
TCK-000291,0,0.4862,0,svm
TCK-007742,0,0.1737,0,svm
TCK-001701,0,0.4543,0,svm
TCK-005122,0,0.505,0,svm
TCK-006629,0,0.1838,0,svm
TCK-003942,0,0.2377,0,svm
TCK-001187,0,0.4962,0,svm
TCK-004036,0,0.3742,0,svm
TCK-006201,0,0.6225,0,svm
TCK-006178,1,0.8334,1,svm
TCK-003937,0,0.1844,0,svm
TCK-005995,0,0.2633,0,svm
TCK-005009,0,0.392,0,svm
